{
  "project_info": {
    "project_number": "742536768818",
    "project_id": "exp-9-blog-app",
    "storage_bucket": "exp-9-blog-app.firebasestorage.app"
  },
  "client": [
    {
      "client_info": {
        "mobilesdk_app_id": "1:742536768818:android:e58ec9467a69f87f20fb2b",
        "android_client_info": {
          "package_name": "com.example.blog_app"
        }
      },
      "oauth_client": [],
      "api_key": [
        {
          "current_key": "AIzaSyCYlBgliVzy2hnx1uLxiBDy2Qpy4XRLNTE"
        }
      ],
      "services": {
        "appinvite_service": {
          "other_platform_oauth_client": []
        }
      }
    }
  ],
  "configuration_version": "1"
}