{"flutter":{"platforms":{"android":{"default":{"projectId":"exp-9-blog-app","appId":"1:742536768818:android:e58ec9467a69f87f20fb2b","fileOutput":"android/app/google-services.json"}},"dart":{"lib/firebase_options.dart":{"projectId":"exp-9-blog-app","configurations":{"android":"1:742536768818:android:e58ec9467a69f87f20fb2b","ios":"1:742536768818:ios:e0c5ace9c5ea5e8420fb2b","macos":"1:742536768818:ios:e0c5ace9c5ea5e8420fb2b","web":"1:742536768818:web:498845d87b4fc89220fb2b","windows":"1:742536768818:web:1bccee1a2d1e887020fb2b"}}}}}}